record_id|name|institution|year
66476|Abraham Gotthelf Kästner|Universit t Leipzig|
124285|Abraham Gottlob Werner||
189659|Abraham Heinecke||
316872|Abu Abdallah Al-Husayn ibn Ibrahim al-Natili||
316873|Abu Mansur al-Hasan ibn Nuh al-Qumri||
310782|Abu Sahl 'Isa ibn Yahya al-Masihi||
298616|Abu ʿAli al-Husayn (Avicenna) ibn Sina||
125023|Adolph Vorstius||
125006|Adriaan van den Spieghel||
131606|Adrien Turnèbe||
127801|Aegidius Strauch||
200006|Albert Clampius||
125898|Alexander Hegius||
119178|Andreas (Andries van Wesel) Vesalius||
131535|Angelo Poliziano||
191279|Anton Bernhard Lauterbach|Friedrich-Schiller-Universit t Jena|
41758|Antonio Bordoni||
18923|Antonio Luigi Gaudenzio Giuseppe Cremona|Universit degli Studi di Pavia|
127245|Antonio Musa Brasavola||
119293|Arnold Geulincx||
287480|Athīr al-Dīn al-Mufaḍḍal al-Abharī||
146034|August Hermann Francke||
125002|Augustin Friedrich Walther||
125143|Augustin Heinrich Fasch||
287468|Bahmanyār ibn al-Marzubān||
152647|Balthasar Kaeuffelin||
143859|Bartholomäus Leonhard Schwendendörffer||
131561|Basilios Bessarion||
152906|Bassiano Landi||
57667|Bernhard Friedrich Thibaut||
126724|Bonifazius Erasmi||
76483|Burchard David Mauchart||
7401|C. Felix (Christian) Klein||
7404|C. L. Ferdinand (Carl Louis) Lindemann||
18231|Carl Friedrich Gauß|Universit t Helmstedt|
15635|Carl Gustav Jacob Jacobi|Humboldt-Universit t zu Berlin|
125561|Christiaan Huygens||
57670|Christian August Hausen||
146035|Christian Benedict Michaelis||
124845|Christian Gottlieb Ludwig||
126124|Christian Gottlob Heyne||
29642|Christian Ludwig Gerling||
47793|Christian M. von Wolff||
66319|Christian Samuel Weiss||
127946|Christian Thomasius||
126895|Christian Wilhelm Küstner||
125001|Christoph Friedrich Haase||
144220|Christoph Meurer||
157308|Christoph Pfautz||
177516|Christopher Allen Tucker|University of Reading|
127469|Colin Edward Cherry||
145707|Constantijn l’Empereur van Oppyck||
230796|Constantin Ziegra||
128105|Cornelius Martini||
131540|Cristoforo Landino||
126111|Daniel Sennert||
7298|David Hilbert|Universit t K nigsberg|
131576|Demetrios Chalcocondyles||
134780|Demetrios Kydones||
125938|Desiderius Erasmus||
126112|Domenico Maria Novara da Ferrara||
128122|Duncan Liddel||
113719|Ehrenfried Walter von Tschirnhaus||
76482|Elias Rudolph Camerarius, Jr.||
76481|Elias Rudolph Camerarius, Sr.||
131400|Elijah ben Asher Levita||
134781|Elissaeus Judaeus||
125125|Emmanuel Stupanus||
41423|Enno Heeren Dirksen|Georg-August-Universit t G ttingen|
126736|Erasmus Reinhold||
127424|Erasmus Schmidt||
157307|Erhard Pfautz||
60984|Erhard Weigel|Universit t Leipzig|
129648|Ernst Laas||
119272|Erycius (Henrick van den Putte) Puteanus||
287478|Fakhr al-Dīn Muhammad al-Rēzī||
182090|Felix Plater||
123957|Ferdinand Christoph Oetinger||
179837|Florens (Florentius Radwyn) Radewyns||
18922|Francesco Brioschi||
101860|Franciscus de le Boë Sylvius||
125450|Frans van Schooten, Jr.||
18600|Franz Ernst Neumann|Universit t Berlin|
128987|François Dubois||
131235|François Vatable||
60803|Friedrich Adolf Trendelenburg||
231030|Friedrich Albert Lange||
57706|Friedrich Julius Richelot|Universit t K nigsberg|
143630|Friedrich Leibniz||
123979|Friedrich Stromeyer||
125142|Gabriele Falloppio||
148882|Gaetano da Thiene||
298290|Gasparino da Barzizza||
179836|Geert (Gerardus Magnus) Groote||
119097|Gemma (Jemme Reinerszoon) Frisius||
123974|Georg Balthasar Metzger||
65161|Georg Christoph Lichtenberg||
125886|Georg Erhard Hamberger||
123977|Georg Ernst Stahl||
126827|Georg Joachim von Leuchen Rheticus||
126894|Georg Ludwig König||
125488|Georg Wolffgang Wedel||
126087|Georg von Peuerbach||
95530|George Sylvester Morris|Universit t Berlin|
298288|George of Trebizond||
131575|Georgios Plethon Gemistos||
131443|Georgius Hermonymus||
208258|Gerardus Leonardus Blasius||
295739|Ghiyāth al-Dīn Abū al-Fatḥ ʿUmar ibn Ibrāhīm al-Khayyām al-Nīsābūrī||
114992|Gilbert Jacchaeus||
146036|Giovanni Battista (Giambattista) Beccaria||
152904|Giovanni Battista della Monte||
298304|Giovanni Conversini||
127181|Girolamo (Hieronymus Aleander) Aleandro||
18924|Giuseppe Veronese|Universit di Roma La Sapienza|
182089|Gottfried Möbius||
60985|Gottfried Wilhelm Leibniz||
201288|Gregory Chioniadis||
176844|Gregory Palamas||
134931|Guarino da Verona||
18925|Guido Castelnuovo|Universit degli Studi di Padova|
131517|Guillaume Budé||
158329|Guillaume Rondelet||
17946|Gustav Peter Lejeune Dirichlet||
46968|Gustav Robert Kirchhoff||
16915|Heinrich Martin Weber||
127264|Heinrich von Langenstein||
106920|Hermann Cohen||
125109|Hieronymus (Girolamo Fabrici d'Acquapendente) Fabricius||
145708|Hiob Ludolf||
106921|Immanuel Kant||
125159|Immanuel Tremellius||
143044|Jacob Andreae||
54440|Jacob Bernoulli||
125755|Jacob ben Jehiel Loans||
126489|Jacobus (Jacob Harmensz.) Arminius||
125422|Jacobus (Jacques Dubois) Sylvius||
125681|Jacobus (Jacques Masson) Latomus||
125408|Jacobus Golius||
127848|Jacobus Martini||
131398|Jacques (Jacobus Faber) Lefèvre d'Étaples||
131546|Jacques Toussain||
152648|Jakob Beuerlin||
126667|Jakob Milich||
137705|Jakob Thomasius||
125682|Jan (Johannes Campensis) van Campen||
125416|Jan Jansz Stampioen, Jr.||
127278|Jan Jessenius||
125888|Jan Standonck||
131541|Janus Lascaris||
108266|Jean Le Rond d'Alembert||
128921|Jean Tagault||
17981|Jean-Baptiste Joseph Fourier||
125760|Johann (Johannes Kapnion) Reuchlin||
125846|Johann Adolph Wedel||
128986|Johann Andreas Planer||
60782|Johann Andreas Segner||
126120|Johann August Bach||
126119|Johann August Ernesti||
53410|Johann Bernoulli||
124490|Johann Carl Gehler||
129708|Johann Caspar Bauhin||
72669|Johann Christoph Wichmannshausen||
230794|Johann Daniel Arcularius||
127710|Johann Elert Bode||
127646|Johann Franz Buddeus||
127636|Johann Friedrich Christ||
76485|Johann Friedrich Gmelin||
18230|Johann Friedrich Pfaff||
177440|Johann Friedrich Rhetius||
127668|Johann Georg Büsch||
125107|Johann Gottfried von Berger||
145770|Johann Heinrich Michaelis||
184935|Johann Hoffmann||
143045|Johann Jacob Grynaeus||
182088|Johann Jakob von Brunn||
127647|Johann Matthias Gesner||
146374|Johann Möller||
128046|Johann Pasch||
127803|Johann Peter von Ludewig||
57659|Johann Tobias Mayer||
228334|Johann Wilhelm Baier||
125665|Johannes (Johann Sturm) Sturmius||
130913|Johannes (van den Driesche) Drusius||
131444|Johannes Argyropoulos||
127011|Johannes Hommel||
126109|Johannes Müller Regiomontanus||
125048|Johannes Nicolaus Stupanus||
127107|Johannes Stöffler||
126730|Johannes Volmar||
119159|Johannes Winter von Andernach||
126887|Johannes von Gmunden||
128305|John Craig||
116874|John Hugh Westcott|University of London|
131577|Joseph Justus Scaliger||
17864|Joseph Louis Lagrange||
24410|Josiah Royce|The Johns Hopkins University|
194305|Josias Christoph Neander||
7402|Julius Plücker|Philipps-Universit t Marburg|
119254|Justus (Joost Lips) Lipsius||
223724|Kamāl al-Dīn Ibn Yūnus||
47025|Karl Christian von Langsdorf||
127671|Karl Gottlieb Knorre||
35141|Karl Reinhold|Friedrich-Schiller-Universit t Jena|
96160|Karl Schmidt|Philipps-Universit t Marburg|
142578|Kevin Warwick|Imperial College London|
125897|Leo Outers||
126113|Leonhard (Leonard Vitreatoris z Dobczyc) von Dobschütz||
38586|Leonhard Euler||
126888|Luca Pacioli||
125232|Ludolph van Ceulen||
294942|Léonor Caron||
125894|Maarten (Martinus Dorpius) van Dorp||
184632|Manuel Bryennios||
135185|Manuel Chrysoloras||
152901|Marco Musuro||
125434|Marin Mersenne||
131539|Marsilio Ficino||
106922|Martin Knutzen||
47064|Martin Ohm||
125303|Matteo Realdo (Renaldus Columbus) Colombo||
125794|Matthaeus Adrianus||
123968|Michael Alberti||
127962|Michael d. J. Walther||
127790|Moritz Valentin Steinmetz||
131446|Moses Perez||
217509|Nasir al-Dīn al-Ṭūsī||
127166|Niccolò Leoniceno||
125658|Nicolas (Nicolaes Cleynaerts) Clénard||
143011|Nicolas Malebranche||
126177|Nicolaus (Mikołaj Kopernik) Copernicus||
127734|Nicolaus Zapf||
199357|Nicole Oresme||
152902|Nicoletto Vernia||
129628|Nikolaus Eglinger||
127864|Nikolaus Selnecker||
146365|Nilos Kabasilas||
25222|Norbert Wiener|Harvard University|
149192|Ognibene (Omnibonus Leonicenus) Bonisoli da Lonigo||
18926|Oscar Ascher Zariski|Universit di Roma La Sapienza|
46967|Otto Hesse||
21235|Otto Mencke|Universit t Leipzig|
142577|Panayotis (Panos) John Antsaklis|Brown University|
232227|Paolo (Nicoletti) da Venezia||
232228|Paolo da Pergola||
131236|Paul (Paul Büchlein) Fagius||
96164|Paul Gerhard Natorp||
128348|Paul Wittich||
127144|Pelope||
14590|Peter Lawrence Falb|Harvard University|
143084|Peter Werenfels||
125047|Petrus (Pierre de La Ramée) Ramus||
125892|Petrus (Pieter de Corte) Curtius||
127942|Petrus Otto||
130248|Petrus Ryff||
126956|Philipp Melanchthon||
144221|Philipp Müller||
76484|Phillip Friedrich Gmelin||
112689|Pierre Varignon||
108295|Pierre-Simon Laplace||
132725|Pieter van Schooten||
24181|Pietro Paoli||
152903|Pietro Pomponazzi||
136726|Pietro Roccabonella||
287479|Qutb al-Dīn Ibrāhīm al-Mīṣrī||
130995|Raoul (Rodolphus Cavellerius) le Chevalier||
224249|Reinhard Bachoff von Echt||
124286|René Just Haüy||
123967|Robert Wilhelm Eberhard Bunsen||
128012|Rudolf Agricola||
128938|Rudolf Jakob Camerarius||
19964|Rudolf Otto Sigismund Lipschitz||
124000|Rudolf Wilhelm Krause||
125181|Rudolph (Snel van Royen) Snellius||
126571|Rutger Rescius||
127945|Samuel Stryk||
287466|Saraf al-Dīn Muhammad al-Masʿūdī al-Marwazī||
131447|Scipione Fortiguerra||
143082|Sebastian Beck||
232627|Sebastian Niemann||
127898|Sethus Calvisius||
204293|Shams al‐Dīn al‐Bukhārī||
230926|Sharaf al-Dīn al-Ṭūsī||
208259|Siegmund Jakob Baumgarten||
164338|Sigismondo Polcastro||
182045|Simon Grynaeus||
125971|Simon Paul Hilscher||
182092|Simon Sulzer||
17865|Siméon Denis Poisson|cole Polytechnique|
125148|Theodor Zwinger||
143083|Theodor Zwinger, Jr.||
184631|Theodore Metochites||
131584|Theodoros Gazes||
141571|Thomas Cranmer||
125378|Thomas Erpenius||
140181|Thomas von Kempen à Kempis||
126659|Ulrich Zasius||
137717|Valentin Alberti||
127092|Valentin Thau||
125160|Valentine Naibod||
46039|Vincenzo Brunacci||
152905|Vittore Trincavelli||
134873|Vittorino da Feltre||
125154|Werner Rolfinck||
125302|Willebrord (Snel van Royen) Snellius||
15582|William Anthony Wolovich|Brown University|
131399|Wolfgang Fabricius Capito||
